chapter,chapter_name,location,name,name_zi,name_hao,name_other,career,relation,activities,comments,poem_to,poem_from
1,文忠公,,,,,,,,,,,大略如行云流水，初无定质，但常行于所当行，常止于不可不止。文理自然，姿态横生。
1,文忠公,黄州,李琪,,,,歌伎,,,,,东坡四年黄州住，何事无言及李琪。却似西川杜工部，海棠虽好不吟诗。
2,眉山,眉山,苏洵,明允,老泉,,,父亲,,,,
2,眉山,眉山,苏辙,子由,,颍滨遗老；苏栾城,,弟弟,,,,
2,眉山,眉山,苏轼,子瞻,东坡,,,本人,,,,
2,眉山,眉山,苏序,,,,,祖父,,,,
2,眉山,眉山,程某,,,,,外祖母,,,,
3,童年与青年,眉山,陈太初,,,,道士,同学,,,,
3,童年与青年,眉山,苏辙,,,,,弟弟,,,我初从公，赖以有知。抚我则兄，诲我则师。,我少知子由，天资和且清。岂独为吾弟，要是贤友生。
3,童年与青年,眉山,程之才,,,,,表兄,亲戚冲突,,,
3,童年与青年,,秦观,,,,,门士,传说：苏轼有个妹妹，并嫁给秦观,,,
3,童年与青年,,堂妹,,,,,初恋,,,,
3,童年与青年,,柳仲远,,,,,堂妹夫,,,,
4,应试,眉山,王弗,,,,,妻子,成亲,,,
4,应试,成都,张方平,,,,大官,,父子三人拜谒,后来对苏东坡几乎如同严父,,
4,应试,汴梁,欧阳修,,,,,,主试官,,,
4,应试,汴梁,梅尧臣,圣俞,,,,,判官（苏轼杜撰尧和皋陶对话）,,,当尧之时，皋陶为士，将杀人。皋陶曰杀之，三。尧曰宥之，三。
4,应试,汴梁,韩琦,,,,枢密,,,,,
4,应试,青神,王杰,,,,,岳父,居丧守礼，常住岳父家,,,
5,父与子,三峡,,,,,,,,,,日月何促促，尘世苦局束。仙子去无踪，故山遗白鹿。仙人已去鹿无家，孤栖怅望层城霞。至今闻有游洞客，夜来江市叫平沙。长松千树风萧瑟，仙宫去人无咫尺。夜鸣白鹿安在哉，满山秋草无行迹。
5,父与子,三峡,,,,,,,,,,入峡初无路，连山忽似龛。萦纡收浩渺，蹙缩作渊潭。风过如呼吸，云生似吐含。坠崖鸣窣窣，垂蔓绿毵毵。冷翠多崖竹，孤生有石楠。飞泉飘乱雪，怪石走惊骖。
5,父与子,三峡,,,,,,,,,,缩颈夜眠如冻龟，雪来惟有客先知。江边晓起浩无际，树梢风多寒更吹。青山有似少年子，一夕变尽沧浪髭。方知阳气在流水，沙上盈尺江无澌。随风颠倒纷不择，下满坑谷高陵危。江空野阔落不见，入户但觉轻丝丝。沾裳细看巧刻镂，岂有一一天工为。霍然一挥遍九野，吁此权柄谁执持？
5,父与子,襄阳,,,,,,,,,,台上有客吟秋风，悲声萧散飘入宫。台边游女来窃听，欲学声同意不同。君悲竟何事，千里金城两稚子。白马为塞凤为关，山川无人空且闲。我悲亦何苦，江水冬更深，鳊鱼冷难捕。悠悠江上听歌人，不知我意徒悲辛。
6,神、鬼、人,郑州,苏辙,子由,,,,,送别,,,不饮胡为醉兀兀？此心已逐归鞍发。归人犹自念庭帏，今我何以慰寂寞？登高回首坡陇隔，惟见乌帽出复没。苦寒念尔衣裘薄，独骑瘦马踏残月。路人行歌居人乐，僮仆怪我苦凄恻。亦知人生要有别，但恐岁月去飘忽。寒灯相对记畴昔，夜雨何时听萧瑟。君知此意不可忘，慎勿苦爱高官职。
6,神、鬼、人,凤翔,苏辙,子由,,,,,和诗,,,人生到处知何似，应似飞鸿踏雪泥。泥上偶然留趾爪，鸿飞哪复计东西。
6,神、鬼、人,凤翔,陈太守,,,,,同事,,,,《凌虚台记》
6,神、鬼、人,,陈慥,,,,,朋友,,陈太守的儿子,,
6,神、鬼、人,,章惇,,,,,朋友（敌人）,,,,
6,神、鬼、人,,王弗,,,,,妻子,去世,,,十年生死两茫茫，不思量，自难忘。千里孤坟，无处话凄凉。纵使相逢应不识，尘满面，鬓如霜。夜来幽梦忽还乡，小轩窗，正梳妆。相顾无言，惟有泪千行。料得年年断肠处，明
6,神、鬼、人,青神,王闰之,,,二十七娘,,妻子,续弦,王弗的堂妹,,
7,王安石变法,,王安石,,,拗相公,,,变法,,,
8,拗相公,,神宗,,,,,,支持变法,,,聚则为君民，散则为仇雠，聚散之间，不容毫厘。故天下归往谓之王，人各有心谓之独夫。由此观之，人主之所恃者，人心而已。人心之于人主也，如木之有根，如灯之有膏，如鱼之有水，如农夫之有田，如商贾之有财。木无根则槁，灯无膏则灭，鱼无水则死，农夫无田则饥，商贾无财则贫，人主失人心则亡。此理之必然，不可逭之灾也。其为可畏，从古已然。....古者建国，使内外相制，轻重相权。如周如唐，则外重而内轻。如秦如魏，则外轻而内重。内重之弊，必有奸臣指鹿之患；外重之弊，必有大国问鼎之忧。圣人方盛而虑衰，常先立法以救弊……以古揆今，则似内重。恭惟祖宗所以预图而深计，固非小臣所能臆度而周知。然观其委任台谏之一端，则是圣人过防之至计……自建隆以来，未尝罪一言者……风采所系，不问尊卑，言及乘舆，则天子改容；事关廊庙，则宰相待罪。故仁宗之世，议者讥宰相，但奉行台谏风旨而已。
8,拗相公,,曾布,,,,,,支持变法,,,
8,拗相公,,吕惠卿,,,,,,支持变法,,,
8,拗相公,,李定,,,,,,支持变法,隐瞒母丧不守丧礼,,
8,拗相公,,邓绾,,,,,,支持变法,,,
8,拗相公,,舒亶,,,,,,支持变法,,,
8,拗相公,,王雱,,,,,,支持变法,,,
8,拗相公,,谢景温,,,,,,支持变法,,,
8,拗相公,,蔡卞,,,,,,支持变法,,,
8,拗相公,,章惇,,,,,,支持变法,,,
8,拗相公,,吕嘉问,,,,,,支持变法,,,
8,拗相公,,司马光,,,,,,反对变法,,,
8,拗相公,,韩琦,,,,,,反对变法,,,
8,拗相公,,富弼,,,,,,反对变法,,,
8,拗相公,,吕晦,,,,,,反对变法,,,
8,拗相公,,曾公亮,,,,,,反对变法,,,
8,拗相公,,赵抃,,,,,,反对变法,,,
8,拗相公,,文彦博,,,,,,反对变法,,,
8,拗相公,,张方平,,,,,,反对变法,,,
8,拗相公,,范镇,,,,,,反对变法,,,
8,拗相公,,欧阳修,,,,,,反对变法,,,
8,拗相公,,苏轼,,,,,,反对变法,,,
8,拗相公,,苏辙,,,,,,反对变法,,,
8,拗相公,,范仲淹,,,,,,反对变法,,,
8,拗相公,,孙觉,,,,,朋友,反对变法,,,
8,拗相公,,李察,,,,,朋友,反对变法,,,
8,拗相公,,刘恕,,,,,朋友,反对变法,,,
8,拗相公,,吕公著,,,,,,反对变法,,,
8,拗相公,,韩维,,,,,,反对变法,,,
8,拗相公,,王安礼,,,,,,反对变法,,,
8,拗相公,,王安国,,,,,,反对变法,,,
8,拗相公,,刘挚,,,,,,反对变法,,,
8,拗相公,,苏颂,,,,,,反对变法,熙宁中三学士,,
8,拗相公,,宋敏求,,,,,,反对变法,熙宁中三学士,,
8,拗相公,,李大临,,,,,,反对变法,熙宁中三学士,,
8,拗相公,,郑侠,,,,,,,,,
9,人的恶行,,,,,,,,,,,处贫贱易，处富贵难。安劳苦易，安闲散难。忍痛易，忍痒难。人能安闲散，耐富贵，忍痒，真有道之士也。
10,两兄弟,陈州,苏辙,子由,,,,,,,,常时低头诵经史，忽然欠伸屋打头。
10,两兄弟,,晁端彦,,,,,朋友,,,,
10,两兄弟,,,,,,,,,,,猿吟鹤唳本无意，不知下有行人行。
10,两兄弟,杭州,苏辙,子由,,,,,,,,眼看时事力难任，贪恋君恩退未能。
10,两兄弟,颍州,苏辙,子由,,,,,,,,征帆挂西风，别泪滴清颍。留连知无益，惜此须臾景。我生三度别，此别尤酸冷。念子似先君，木讷刚且静。寡词真吉人，介石乃机警。至今天下士，去莫如子猛。嗟我久病狂，意行无坎井。有如醉且坠，幸未伤辄醒。
10,两兄弟,颍州,苏辙,子由,,,,,,,,近别不改容，远别涕沾胸。咫尺不相见，实与千里同。人生无离别，谁知恩爱重。始我来宛丘，牵衣舞儿童。便知有此恨，留我过秋风。秋风亦已过，别恨终无穷。问我何年归，我言岁在东。离合既循环，忧喜迭相攻。悟此长太息，我生如飞蓬。多忧发早白，不见六一翁。
10,两兄弟,,李常,,,,,朋友,,,,嗟余寡兄弟，四海一子由。
11,诗人、名妓、高僧,杭州,,,,,,,,,,未成小隐聊中隐，可得长闲胜暂闲。我本无家更安往？故乡无此好湖山。
11,诗人、名妓、高僧,杭州,,,,,,,,,,水光潋滟晴方好，山色空蒙雨亦奇。欲把西湖比西子，淡妆浓抹总相宜。
11,诗人、名妓、高僧,杭州,,,,,,,审案,,,除日当早归，官事乃见留。执笔对之泣，哀此系中囚。小人营糇粮，堕网不知羞。我之恋薄禄，因循失归休。不须论贤愚，均是为食谋。谁能暂纵遣，闵默愧前修。
11,诗人、名妓、高僧,杭州,苏辙,子由,,,,,审案,,,平生所惭今不耻，坐对疲氓更鞭箠。道逢阳虎呼与言，心知其非口诺唯。居高志下真何益，气节消缩今无几。
11,诗人、名妓、高僧,杭州,,,,,,,游玩,,,睡眼忽惊矍，繁灯闹河塘。市人拍手笑，状如失林獐。始悟山野姿，异趣难自强。人生安为乐，吾策殊未良。
11,诗人、名妓、高僧,杭州,,,,,,,游西湖,,,船头斫鲜细缕缕，船尾炊玉香浮浮。
11,诗人、名妓、高僧,杭州,,,,,,,游西湖,,,游舫已妆吴榜稳，舞衫初试越罗新。
11,诗人、名妓、高僧,杭州,,,,,,,游西湖,,,映山黄帽螭头舫，夹道青烟雀尾炉。
11,诗人、名妓、高僧,杭州,晁端彦,,,,,,,,,西湖天下景，游者无愚贤。深浅随所得，谁能识其全。嗟我本狂直，早为世所捐。独专山水乐，付与宁非天。三百六十寺，幽寻遂穷年。所至得其妙，心知口难传。
11,诗人、名妓、高僧,杭州,大通禅师,,,,,,作小调给妓女唱,,,师唱谁家曲，宗风嗣阿谁，借君拍板与门槌，我也逢场作戏莫相疑。溪女方偷眼，山僧莫皱眉，却愁弥勒下生迟，不见阿婆三五少年时。
11,诗人、名妓、高僧,杭州,,,,,,,审案,,,这个秃奴，修行忒煞，云山顶空持戒。只因迷恋玉楼人，鹑衣百结浑无奈。毒手伤心，花容粉碎，色空空色今安在，臂间刺道苦相思，这回还了相思债。
11,诗人、名妓、高僧,杭州,佛印,,,,和尚,朋友,,,,
11,诗人、名妓、高僧,杭州,慧勤,,,,和尚,朋友,,,,
11,诗人、名妓、高僧,杭州,参寥,,,,和尚,朋友,,,,
11,诗人、名妓、高僧,杭州,,,,,,,歌伎求诗,,,停杯且听琵琶语，细捻轻拢，醉脸春融，斜照江天一抹红。
11,诗人、名妓、高僧,,柳瑾,,,,,堂妹的公公,,,,
11,诗人、名妓、高僧,,刁景纯,,,,,,,,,厌从年少追新赏，闲对宫花识旧香。
11,诗人、名妓、高僧,,陈襄,,,,杭州太守,,,,,羞归应为负花期，已是成阴结子时。与物寡情怜我老，遣春无恨赖君诗。玉台不见朝酣酒，金缕犹歌空折枝。从此年年定相见，欲师老圃问樊迟。
11,诗人、名妓、高僧,密州,,,,,,,,,,生而眇者不识日，问之有目者。或告之曰：“日之状如铜盘。”扣盘而得其声，他日闻钟以为日也。或告之曰“光如烛”。扪烛而得其形，他日揣籥以为日也。日之与钟、籥亦远矣，而眇者不知其异，以其未尝见而求之人也。道之难见也甚于日，而人之未达也无以异于眇。达者告之，虽有巧譬善导，亦无以过于槃与烛也。自槃而之钟，自烛而之籥。转而相之，岂有既乎。故世之言道者，或即其所见而名之，或莫之见而意之，皆求道之过也。
11,诗人、名妓、高僧,,周邠,,,,,同事,,,,蔼蔼君诗似岭云，从来不许醉红裙。不知野屐穿山翠，惟见轻桡破浪纹。颇忆呼卢袁彦道，难邀骂座灌将军。晚风落日原无主，不惜清凉与子分。
12,抗暴诗,,,,,,,,,,,天静伤鸿犹戢翼，月明惊鹊未安枝。
12,抗暴诗,密州,乔太傅,,,,,,,,,百年三万日，老病常居半。其间互忧乐，歌笑杂悲叹。颠倒不自知，直为神所玩。须臾便堪笑，万事风雨散。自从识此理，久谢少年伴。
12,抗暴诗,,孔文仲,,,,,,,,,我本麋鹿性，谅非伏辕姿。闻声自觉聚，那复受絷维。金鞍冒翠锦，玉勒垂金丝。旁观信美矣，自揣良厌之。人生各有志，此论我久持。他人闻定笑，聊与吾子期。
12,抗暴诗,,,,,,,,,,,天欲雪，云满湖，楼台明灭山有无。
12,抗暴诗,,,,,,,,,,,兽在薮，鱼在湖，一入池槛归期无。
12,抗暴诗,,,,,,,,,,,东望海，西望湖，山平水远细欲无。
12,抗暴诗,,,,,,,,,,,君不见，钱塘湖，钱王壮观今已无。
12,抗暴诗,,,,,,,,,,,东风知我欲山行，吹断檐间积雨声。岭上晴云披絮帽，树头初日挂铜钲。
12,抗暴诗,,,,,,,,,,,今年粳稻熟苦迟，庶见霜风来几时。霜风来时雨如泻，杷头出菌镰生衣。眼枯泪尽雨不尽，忍见黄穗卧青泥。茆苫一月垅上宿，天晴获稻随车归。汗流肩赪载入市，价贱乞与如糠粃。卖牛纳税拆屋炊，虑浅不及明年饥。官今要钱不要米，西北万里招羌儿。龚黄满朝人更苦，不如却作河伯妇。
12,抗暴诗,,周邠,,,,,,,,,年来战纷华，渐觉夫子胜。欲求五亩宅，洒扫乐清净。...独游吾未果，觅伴谁复听。吾宗古遗直，穷达付前定。...奈何效燕蝠，屡欲争晨暝。
12,抗暴诗,,王诜,,,,驸马,朋友,刊印诗词,,,
12,抗暴诗,,朝云,,,,,妾,,,,
12,抗暴诗,,,,,,,,,,,西斋深且明，中有六尺床。病夫朝睡足，危坐觉日长。昏昏既非醉，蝺蝺亦非狂。褰衣竹风下，穆然濯微凉。起行西园中，草木含幽香。榴花开一枝，桑枣沃以光。鸣鸠得美荫，因立忘飞翔。黄鸟亦自喜，新音变圆吭。杖藜观物化，亦以观我生。万物各得时，我生日皇皇。
12,抗暴诗,,,,,,,,,,,纵横忧患满人间，颇怪先生日日闲。昨夜清风眠北牖，朝来爽气在西山。
12,抗暴诗,,,,,,,,,,,阴晴朝暮几回新，已向虚空付此身。出本无心归亦好，白云还似望云人。
12,抗暴诗,密州,苏辙,子由,,,,,,,,孤馆灯青，野店鸡号，旅枕梦残。渐月华收练，晨霜耿耿，云山摛锦，朝露漙漙。世路无穷，劳生有限，似此区区长鲜欢。微吟罢，凭征鞍无语，往事千端。当时共客长安，似二陆初来俱少年。有笔头千字，胸中万卷。致君尧舜，此事何难。用舍由时，行藏在我，袖手何妨闲处看。身长健，但优游卒岁，且斗樽前。
12,抗暴诗,密州,苏辙,子由,,,,,,,,明月几时有？把酒问青天。不知天上宫阙，今夕是何年。我欲乘风归去，又恐琼楼玉宇，高处不胜寒。起舞弄清影，何似在人间？转朱阁，低绮户，照无眠。不应有恨，何事长向别时圆？人有悲欢离合，月有阴晴圆缺，此事古难全。但愿人长久，千里共婵娟。
13,黄楼,,王安石,,,,,,失势,,,
13,黄楼,,吕惠卿,,,,,,失势,,,
13,黄楼,,曾布,,,,,,失势,,,
13,黄楼,,邓绾,,,,,,失势,,,
13,黄楼,,范镇,,,,,朋友,,,,
13,黄楼,,王适,,,,,,,做媒：子由之女,,
13,黄楼,,文与可,,,,,朋友,,做媒：子由之女&与可之子,,
13,黄楼,,苏迈,,,,,儿子,,,,
13,黄楼,,苗仲先,,,,,,保留黄楼石碑,,,
13,黄楼,,张耒,,,,,门士,,,,
13,黄楼,,晁补之,,,,,门士,,,,
13,黄楼,,秦观,,,,,门士,,,生不愿封万户侯，但愿一识苏徐州。「另作“我独不愿万户侯，惟愿一识苏徐州。”」不将俗物碍天真，北斗以南能几人？（《别子瞻》）,
13,黄楼,,黄庭坚,,,,,门士,,,青松出涧壑，十里闻风声。小草有远志，相依在平生。《古诗二首上苏子瞻》,
13,黄楼,,李常,,,,,朋友,介绍秦观,,,
13,黄楼,,王巩,,,,宰相之孙,朋友,,,,
13,黄楼,,参寥,,,,诗僧,朋友,,,,
13,黄楼,徐州,,,,,,,,,,明月未出群山高，瑞光千丈生白毫。一杯未尽银阙涌，乱云脱坏如崩涛。谁为天公洗眸子，应费明河千斛水。遂令冷看世间人，昭我湛然心不起。西南火星如弹丸，角尾奕奕苍龙蟠。今宵注眼看不见，更许萤火争清寒。何人舣舟临古汴，千灯夜竹鱼龙变。曲折无心逐浪花，低昂赴节随歌板。青荧灭没转前山，浪飐风回岂复坚。明月易低人易散，归来呼酒更重看。堂前月色愈清好，咽咽寒螀鸟露草。卷帘推户寂无人，窗下咿哑惟楚老。南部从事莫羞贫，对月题诗有几人。明朝人事随日出，恍然一梦瑶台客。
14,逮捕与审判,,文与可,,,,,朋友,,,拟将一段鹅谿绢，扫取寒梢万尺长。,世间亦有千寻竹，月落庭空影许长。
14,逮捕与审判,,刘恕,,,,,朋友,,,,敢向清时怨不容，直嗟吾道与君东。坐谈足使淮南惧，归向方知冀北空。独鹤不须惊夜旦，群乌未可辨雌雄。庐山自古不到处，得与幽人子细穷。
14,逮捕与审判,,刘恕,,,,,朋友,,,,仁义大捷径，诗书一旅亭。相夸绶若若，犹诵麦青青。腐鼠何劳吓，高鸿本自冥。颠狂不用唤，酒尽渐须醒。
14,逮捕与审判,,,,,,,,,,,平生文字为吾累，此去声名不厌低。塞上纵归他日马，城东不斗少年鸡。
15,东坡居士,黄州,,,,,,,,,,得城南精舍，曰安国寺，有茂林修竹、陂池亭榭。间一二日辄往焚香默坐，深自省察，则物我相忘，身心皆空，求罪始所生而不可得。一念清净，染污自落；表里翛然，无所附丽。私窃乐之
15,东坡居士,,李常,,,,,,,,,吾侪虽老且穷，而道理贯心肝，忠义填骨髓，直须谈笑生死之际，若见仆困穷使相怜，则与不学道者，大不相远矣
15,东坡居士,,王巩,,,,,,,,,杜子美困厄中，一饮一食，未尝忘君。诗人以来，一人而已。
15,东坡居士,,章惇,子厚,,,,,,,,平时惟子厚与子由极口见戒，反复甚苦。而某强狠自用，不以为然。今在囹圄中，追悔无路，谓必死矣。不意圣主宽大，复遣视息人间。若不改者，某真非人也
15,东坡居士,,苏迨,,,,,儿子,,,,
15,东坡居士,,苏过,,,,,儿子,,,,
15,东坡居士,,孔平仲,,,,,朋友,,,,去年东坡拾瓦砾，自种黄桑三百尺。今年刈草盖雪堂，日炙风吹面如墨。
15,东坡居士,,,,,,,,,,,沛然例赐三尺雨，造化无心怳难测。……老夫作罢得甘寝，卧听墙东人响屐。……腐儒粗粝支百年，力耕不受众目怜。……会当作塘径千步，横断西北遮山泉。四邻相率助举杵，人人知我囊无钱。
15,东坡居士,,潘某,,,,酒监,邻居,,,,
15,东坡居士,,郭某,,,,药师,邻居,,,,
15,东坡居士,,庞某,,,,大夫,邻居,,,,
15,东坡居士,,古某,,,,农夫,邻居,,,,
15,东坡居士,,徐大受,,,,黄州太守,,,,,
15,东坡居士,,朱寿昌,,,,武昌太守,,,,,
15,东坡居士,,马梦得,正卿,,,,,,,,
15,东坡居士,,巢谷,,,,,,,东坡孩子的塾师,,
15,东坡居士,,陈慥,,季常,,,,,季常之癖,,龙丘居士亦可怜，谈空说有夜不眠。忽闻河东狮子吼，拄杖落地心茫然。
15,东坡居士,,,,,,,,,,,子还可责同元亮，妻却差贤胜敬通。
15,东坡居士,,朝云,,,,,妾,,,,
15,东坡居士,,遁儿,,,,,儿子,,,,人皆养子望聪明，我被聪明误一生。惟愿我儿愚且鲁，无灾无难到公卿。
15,东坡居士,,,,,,,,,黄州猪肉,,富者不肯吃，贫者不解煮
15,东坡居士,,,,,,,,,,,出舆入辇，蹶痿之机。洞房清宫，寒热之媒。皓齿蛾眉，伐性之斧。甘脆肥浓，腐肠之药。
16,赤壁赋,黄州,李嵓,,,,,朋友,,“棋罢不知人换世”,,
16,赤壁赋,,,,,,,,,,,朝嬉黄泥之白云兮，暮宿雪堂之青烟。喜鱼鸟之莫余惊兮，幸樵苏之我嫚。初被酒以行歌兮，忽放杖而醉偃。草为茵而块为枕兮，穆华堂之清晏。纷坠露以湿衣兮，升素月之团团。感父老之呼觉兮，恐牛羊之予践。于是蹶然而起，起而歌曰：月明兮星稀，迎余往兮饯余归。岁既晏兮草木腓。归来归来兮，黄泥不可以久嬉。
16,赤壁赋,,,,,,,,,,,今日与数客饮酒而纯臣适至。秋热未已而酒白色，此何等酒也？入腹无脏，任见大王。既与纯臣饮，无以侑，西邻耕牛适病足，乃以为肉。饮既醉，遂从东坡之东，直出春草亭而归。时已三更矣。
16,赤壁赋,,,,,,,,,,,夜饮东坡醒复醉，归来仿佛三更。家童鼻息已雷鸣，敲门都不应，倚杖听江声。长恨此身非我有，何时忘却营营，夜阑风静縠纹平，小舟从此逝，江海寄余生。
16,赤壁赋,,,,,,,,,,,有二措大相与言志。一云：“我平生不足惟饭与睡尔。他日得志，当吃饱饭后便睡，睡了又吃饭。”另一则云：“我则异于是。当吃了又吃，何暇复睡耶？”
16,赤壁赋,,杨世昌,,,,,,,同游赤壁,,盖将自其变者而观之，则天地曾不能以一瞬；自其不变者而观之，则物与我皆无尽也，而又何羡乎！且夫天地之间，物各有主，苟非吾之所有，虽一毫而莫取。惟江上之清风，与山间之明月，耳得之而为声，目遇之而成色，取之无禁，用之不竭。是造物者之无尽藏也，而吾与子之所共适。
16,赤壁赋,,,,,,,,,,,江流有声，断岸千尺，山高月小，水落石出。曾日月之几何，而江山不可复识矣！
16,赤壁赋,,,,,,,,,,,元丰六年十月十二日夜，解衣欲睡，月色入户，欣然起行。念无与乐者，逐步至承天寺，寻张怀民。怀民亦未寝，相与步于中庭。庭下如积水空明，水中藻荇交横，盖竹柏影也。何夜无月，何处无竹柏，但少闲人如吾两人耳。
17,瑜伽与炼丹,,,,,,,,,,,一曰无事以当贵。二曰早寝以当富。三曰安步以当车。四曰晚食以当肉。夫已饥而食，蔬食有过于八珍。而既饱之余，虽刍豢满前，惟恐其不持去也。若此可谓善处穷矣，然而与道则未也。安步自佚，晚食为美；安以当车与肉为哉。车与肉犹存于胸中，是以有此言也。
17,瑜伽与炼丹,,李常,,,,,,,,,仆行年五十，始知作活。大要是悭尔，而文以美名，谓之“俭素”。然吾侪为之，则不类俗人，真可谓淡而有味者。不戢不难，受福不那，口体之欲，何穷之有，每加节俭，亦是惜福延寿之道。此似鄙俗，且出之左右，住京师尤宜用此策。一笑。
17,瑜伽与炼丹,,,,,,,,,,,归去来兮，吾归何处……人生底事，来往如梭，待闲看，秋风洛水清波，好在堂前细柳，应念我莫剪柔柯。仍传语江南父老，时与晒渔蓑。
18,浪迹天涯,,陈慥,,,,,朋友,陪同到九江,,,
18,浪迹天涯,,李琪,,,,歌伎,赠诗,,,,东坡四年黄州住，何事无言及李琪。却似西川杜工部，海棠虽好不吟诗。
18,浪迹天涯,,参寥,,,,和尚,朋友,陪同到九江,相识于徐州,,
18,浪迹天涯,,乔仝,,,,道士,朋友,陪同到九江,130 岁；死而复生,,
18,浪迹天涯,,苏辙,子由,,,,弟弟,,,,
18,浪迹天涯,,朝云,,,,,妾,,十个月大的儿子在南京患病而死,,我泪犹可拭，日远当日忘。母哭不可闻，欲与汝俱亡。
18,浪迹天涯,,王安石,,,,,同事,,,,
18,浪迹天涯,,佛印,,,,,朋友,劝安居扬州,,,
18,浪迹天涯,,范镇,,,,,朋友,劝安居许下,,,
18,浪迹天涯,,滕元发,,,,湖州太守,朋友,劝安居宜兴,,,
18,浪迹天涯,,邵民瞻,,,,,朋友,陪同买房,苏轼遇老妇哭泣而烧了刚花五百缗钱买房的契约,,
18,浪迹天涯,,张方平,,,,,朋友,留宿,,,
19,太后恩宠,,王安石,,,,,,草拟圣旨,死后被追赠荣衔,,网罗六艺之遗文，断以己意，糠粃百家之陈述，作新欺人
19,太后恩宠,,李定,,,,,,草拟圣旨,,,
19,太后恩宠,,吕惠卿,,,,,,草拟圣旨,,,始于知己，共为欺君，喜则摩足以相欢，怒则反目以相噬。党与交攻，几半天下
19,太后恩宠,,司马光,,,,,,吊唁,,,
19,太后恩宠,,苏迈,,,,,儿子,,江西做小官,,
19,太后恩宠,,苏迨,,,,,儿子,,,,
19,太后恩宠,,苏过,,,,,儿子,,,,
19,太后恩宠,,李廌,,,,,门士,,,,
19,太后恩宠,,陈师道,,,,,门士,,,,
19,太后恩宠,,蒲宗孟,,,,,朋友,,极尽奢侈享乐的能事：（大、小）洗（面、足、浴）,,闻所得甚高，固以为慰，然复有二，尚欲奉劝，一曰俭，二曰慈。
19,太后恩宠,,钱勰,,,,,朋友,,三白餐，三毛餐,,
20,国画,,王诜,,,,驸马,,西园雅集,,,
20,国画,,李公麟,,,,,朋友,西园雅集,,,
20,国画,,米芾,,,,,朋友,西园雅集,,,
20,国画,,苏辙,,,,,,西园雅集,,,
20,国画,,黄庭坚,,,,,,西园雅集,,,
20,国画,,张耒,,,,,,西园雅集,,,
20,国画,,晁补之,,,,,,西园雅集,,,
20,国画,,秦观,,,,,,西园雅集,,,
20,国画,,杜几先,,,,,,带纸请字,,,
20,国画,,康师孟,,,,,,出版字帖,,,
20,国画,,文与可,,,,,,,从二蛇相斗获取书法灵感,,
20,国画,,宋子房,,,,,,,,,观士人画如阅天下马，取其意气所到。乃若画工往往只取鞭策皮毛、槽枥刍秣，无一点俊发，看数尺便倦。汉杰（宋子房号）真士人画也。
20,国画,,,,,,,,,,,余尝论画，以为人禽、宫室、器用皆有常形；至于山石、竹木、水波、烟云，虽无常形，而有常理。常形之失，人皆知之；常理之不当，虽晓画者有不知。故凡可以欺世而盗名者，必托于无常形者也。虽然，常形之失，止于所失，而不能病其全；若常理之不当，则举废之矣。以其形之无常，是以其理不可不谨也。世之工人，或能曲画其形，而至于其理，非高人逸士不能辩。与可之于竹石枯木，真可谓得其理者矣。如是而生，如是而死，如是而挛拳瘠蹙，如是而条达遂茂。根茎节叶、牙角脉络，千变万化，未始相袭，而各当其处，合于天造，厌于人意。盖达士之所寓也欤……必有明于理而深观之者，然后知余言之不妄。
20,国画,,,,,,,,,,,空肠得酒芒角出，肝肺槎牙生竹石。森然欲作不可回，吐向君家雪色壁。
21,谦退之道,,,,,,,,,,,惟愿我儿愚且鲁，无灾无难到公卿。
21,谦退之道,,杨珪,,,,,朋友,,,,某近数章请郡未允。数日来杜门待命，期于必得耳。公必闻其略。盖为台谏所不容也。昔之君子，惟荆（王荆公）是师；今之君子，惟温（司马温公）是随。所随不同，其为随一也。老弟与温相知至深，始终无间，然多不随耳。致此烦言，盖始于此。无进退得丧，齐之久矣，皆不足道。
21,谦退之道,,张耒,,,,,,,,,文字之衰，未有如今日者也，其源实出于王氏。王氏之文，未必不善也，而患在好使人同己。自孔子不能使人同颜渊之仁、子路之勇，不能以相移。而王氏欲以其学同天下。地之美者同于生物，不同于所生。惟荒瘠斥卤之地，弥望皆黄茅白苇。此则王氏之同也。
21,谦退之道,,李廌,,,,,门士,,,,此生已觉都无事，今岁仍逢大有年。山寺归来闻好语，野花啼鸟亦欣然。
22,工程与赈灾,杭州,钱勰,,,,,朋友,,,,虽子功旦夕到，然此事得聚议，乃济数舍之劳，譬如来一看潮，亦自佳事，试告公此意劝之，勿云仆言也。
23,百姓之友,,贾易,,,,,政敌,,,,
23,百姓之友,,杨畏,,,,,政敌,,,,
23,百姓之友,,赵令畤,,,,,同事,,,,
23,百姓之友,,,,,,,,,,,臣顷知杭州，又知颍州，今知扬州。亲见两浙、京西、淮南三路之民，皆为积欠所压，日就穷蹙，死亡过半。而欠籍不除，以至亏欠两税，走陷课利，农末皆病，公私并困。以此推之，天下大率皆然矣。臣自颍移扬，过濠、寿、楚、泗等州，所至麻麦如云。臣每屏去吏卒，亲入村落。访问父老，皆有忧色，云：“丰年不如凶年。天灾流行，民虽乏食，缩衣节口，犹可以生。若丰年举催积欠，胥徒在门，枷棒在身，则人户求死不得。”言讫泪下，臣亦不觉流涕。又所至城邑，多有流民……臣闻之孔子曰：“苛政猛于虎。”昔常不信其言，以今观之，殆有甚者。水旱杀人，百倍于虎；而人畏催欠，乃甚于水旱。臣窃度之，每州催欠吏卒，不下五百人。以天下言之，是常有二十余万虎狼散在民间，百姓何由安生？朝廷仁政何由得成乎？
24,二度迫害,,,,,,,,,,,
24,二度迫害,,范纯仁,,,,,朋友,,范仲淹之子,,
24,二度迫害,,范镇,,,,,朋友,,,,
24,二度迫害,,范祖禹,,,,,朋友,,,,
25,岭南流放,,吴复古,,,,道士,朋友,,,,
25,岭南流放,,陈慥,,,,,朋友,,,,到惠将半年，风土食物不恶，吏民相待甚厚。孔子云“虽蛮貊之邦行矣”；岂欺我哉！自失官后，便觉三山跬步，云汉咫尺，此未易遽言也。所以云云者，欲季常安心家居，勿轻出入。老劣不烦过虑……亦莫遣人来，彼此须髯如戟，莫作儿女态也……长子迈作吏，颇有父风。二子作诗骚，殊胜咄咄，皆有跨灶之兴。想季常读此，捧腹绝倒也。今日游白水佛迹，山上布水三十仞。雷辊电散，未易名状，大略如项羽破章邯时也。自山中归来，灯下裁答，信笔而书，纸尽乃已。三月四日（绍圣二年）
25,岭南流放,,詹范,,,,惠州太守,朋友,,,,
25,岭南流放,,林抃,,,,博罗县令,朋友,,,,
25,岭南流放,,苏辙,子由,,,,,烤羊脊,,,惠州市肆寥落，然日杀一羊。不敢与在官者争买，时嘱屠者，买其脊骨。骨间亦有微肉，煮熟热酒漉，随意用酒薄点盐炙，微焦食之，终日摘剔牙綮，如蟹螯逸味。率三五日一。吾子由三年堂庖，所饱刍豢灭齿而不得骨，岂复知此味乎？此虽戏语，极可施用。但为众狗待哺者不悦耳。
25,岭南流放,,,,,,,,,,,予饮酒终日，不过五合，天下之不能饮，无在予下者。然喜人饮酒，见客举杯徐引，则胸中为之浩浩焉，落落焉，酣适之味乃过于客。闲居未尝一日无客，客至未尝不置酒。天下之好饮亦无在予上者。
25,岭南流放,,,,,,,,,,,酒勿嫌浊，人当取醇。失忧心于昨梦，信妙理之疑神……伊人之生，以酒为命。常因既醉之适，方识此心之正。稻米无知，岂解穷理？曲蘖有毒，安能发性？乃知神物之自然，盖与天工而相并。得时行道，我则师齐相之饮醇；远害全身，我则学徐公之中圣。湛若秋露，穆如春风。疑宿云之解驳，漏朝日之暾红。初体粟之失去，旋眼花之扫空……兀尔坐忘，浩然天纵。如如不动而体无碍，了了常知而心不用。座中客满，惟忧百榼之空。身后名轻，但觉一杯之重。今夫明月之珠，不可以襦，夜光之璧，不可以餔。刍豢饱我而不我觉，布帛燠我而不我娱。惟此君独游万物之表，盖天下不可一日而无。在醉常醒，孰是狂人之药；得意忘味，始知至道之腴。
25,岭南流放,,程之才,,,,,表兄,,,,
25,岭南流放,,翟秀才,,,,,邻居,,,,
25,岭南流放,,林太太,,,,酿酒,邻居,,,,
25,岭南流放,,陆惟谦,,,,,朋友,,,,
25,岭南流放,,王古,,,,广州太守,朋友,,,,
26,仙居,,朝云,,,,,,,,,白发苍颜，正是维摩境界。空方丈、散花何碍？朱唇箸点，更髻鬟生采。这些个，千生万生只在。好事心肠，著人情态。闲窗下、敛云凝黛。明朝端午，待学纫兰为佩。寻一首好诗，要书裙带。
26,仙居,,,,,,,,,,,玉骨哪愁瘴雾？冰肌自有仙风。海仙时遣探芳丛，倒挂绿毛幺凤。素面常嫌粉涴，洗妆不褪唇红。高情已逐晓云空，不与梨花同梦。
27,域外,儋州,王古,,,,,,,,,某垂老投荒，无复生还之望。春与长子迈诀，已处置后事矣。今到海南，首当做棺，次便做墓。仍留手疏与诸子，死即葬于海外，生不契棺，死不扶柩，此亦东坡之家风也。
27,域外,,张中,,,,县官,同事,,,,
27,域外,,,,,,,,,,,岭南天气卑湿，地气蒸溽，而海南为甚。夏秋之交，物无不腐坏者。人非金石，其何能久？然儋耳颇有老人百余岁者，八九十者不论也。乃知寿夭无定，习而安之，则冰蚕火鼠皆可以生。吾尝湛然无思，寓此觉于物表。使折胶之寒无所施其冽，流金之暑无所措其毒。百余岁岂足道哉！彼愚老人者初不知此，如蚕鼠生于其中，兀然受之而已。一呼之温，一吸之凉，相续无有间断，虽长生可也。九月二十七日。
27,域外,,,,,,,,,,,岭外俗皆恬杀牛，而海南为甚。客自高化载牛渡海，百尾一舟。遇风不顺，渴饥相倚以死者无数，牛登舟皆哀鸣出涕。既至海南，耕者与屠者常相伴。病不饮药，但杀牛以祷，富者至杀十数牛。死者不复云，幸而不死，即归德于巫。以巫为医，以牛为药。间有饮药者，巫辄云神怒，病不可复治。亲戚皆为却药禁医，不得入门，人牛皆死而后已。地产沉水香。香必以牛易之。黎人得牛皆以祭鬼，无脱者，中国人以沉水香供佛燎帝求福，此皆烧牛肉也，何福之能得？
27,域外,,,,,,,,,,,吾始至南海，环视天水无际，凄然伤之曰：“何时得出此岛也？”已而思之：天地在积水中，九洲在大瀛海中，中国在少海中。有生孰不在岛者？譬如注水于地，小草浮其上，一蚁抱草叶求活。已而水干，遇他蚁而泣曰：“不意尚能相见尔！”小蚁岂知瞬间竟得全哉？思及此事甚妙。与诸友人小饮后记之。
27,域外,,,,,,,,,,,己卯上元，余在儋耳，有老书生数人来。过曰：“良月佳夜，先生能一出乎？”子欣然从之，步城西，入僧舍，历小巷。民夷杂糅，屠酤纷然，归舍已三鼓矣。舍中掩关熟寝，已再鼾矣。放杖而笑，孰为得失？过问：“先生何笑？”“盖自笑也，然亦笑韩退之钓鱼无得，便欲远去。不知钓者，未必得大鱼也。”
27,域外,,何德顺,,,,道士,朋友,,,,
27,域外,,,,,,,,,,,予在儋耳，闻城西民李氏处子病死两日复生。予与进士何旻同往见其父，问死生状。云初昏，若有人引去至官府。帘下有言：“此误追。”庭下一吏云：“此无罪，当放还。”见狱在地窟中，隧而出入，系者皆儋人，僧居十之六七。有一妪身皆黄毛如驴马，械而坐。处子识之，盖儋僧之室也。曰：“吾坐用檀越钱物，已三易毛矣。”又一僧亦处子邻里，死二年矣。其家方大祥，有人持盘飧及数千钱付某僧。僧得钱分数百遣门者，乃持饭入门，系者皆争取其饭，僧饭所食无几。又一僧至，见者皆擎膝作礼。僧曰：“此女可差人速送还。”送者以手擘墙壁便过，复见一河，有舟便登之，送者以手推之，舟跃，处子惊而寤。是僧岂所谓地藏菩萨者耶？书之以为世戒。
27,域外,,,,,,,,制墨：差点烧了房子,,,
27,域外,,,,,,,,整理《东坡志林》,,,
27,域外,,,,,,,,采药，考订药草,,,
27,域外,,苏辙,子由,,,,,,,,然吾与渊明，岂独好其诗也哉！如其为人，实有感焉。
28,终了,,,,,,,,祭祀堂妹及其丈夫,,,我厄于南，天降罪戾。方之古人，百死有溢。天不我亡，亡其朋戚。如柳氏妹，夫妇连璧，云何两逝，不慭遗一。我归自南，宿草再易。哭堕其目，泉壤咫尺。闳也有立，气贯金石。我穷且老，似舅何益……
28,终了,,米芾,,,,,,,一直把米芾当晚辈看，米芾则对他十分仰望,,
28,终了,,章援,,,,,,,章惇的儿子,,某与丞相定交四十余年，虽中间出处稍异，交情固无所增损也。闻其高年，寄迹海隅，此怀可知。但已往者，更说何益？惟论其未然者而已。主上至仁至信，草木豚鱼所知也。建中靖国之意可恃以安……所云穆卜，反复究绎，必是误听。纷纷见及已多矣，得安此行为幸。见今病状，死生未可必。自半月来，食米不半合，见食却饱。今且速归毗陵，聊自憩我里。庶几少休，不即死。书至此，困惫放笔，太息而已。（一一〇一年）六月十四日。
28,终了,,钱世雄,,,,,朋友,,,,庄生闻在宥天下，未闻治天下也。如此而不愈则天也，非吾过矣。
28,终了,,维琳,,,,方丈,朋友,,,,
28,终了,,,,,,,,,,,浩然之气，不依形而立，不恃力而行，不待生而存，不随死而亡矣。故在天为星辰，在地为河狱，幽则为鬼神，而明则复为人。此理之常，无足怪者。